sample_id,label,attn_layer_0,mlp_layer_0,attn_layer_1,mlp_layer_1,attn_layer_2,mlp_layer_2,attn_layer_3,mlp_layer_3,attn_layer_4,mlp_layer_4,attn_layer_5,mlp_layer_5,attn_layer_6,mlp_layer_6,attn_layer_7,mlp_layer_7,attn_layer_8,mlp_layer_8,attn_layer_9,mlp_layer_9,attn_layer_10,mlp_layer_10,attn_layer_11,mlp_layer_11,attn_layer_12,mlp_layer_12,attn_layer_13,mlp_layer_13,attn_layer_14,mlp_layer_14,attn_layer_15,mlp_layer_15,attn_layer_16,mlp_layer_16,attn_layer_17,mlp_layer_17,attn_layer_18,mlp_layer_18,attn_layer_19,mlp_layer_19,attn_layer_20,mlp_layer_20,attn_layer_21,mlp_layer_21,attn_layer_22,mlp_layer_22,attn_layer_23,mlp_layer_23,group,attention_drift,ffn_drift
ragtruth_1004,1,,,,,,,,,,,,,,,,,,,,,,,,,,,,,,,,,,,,,,,,,,,,,,,,,Early (1-25%),0.1706341803073883,0.2585146278142929
ragtruth_1004,1,,,,,,,,,,,,,,,,,,,,,,,,,,,,,,,,,,,,,,,,,,,,,,,,,Mid (26-75%),0.25900715589523315,0.4055282399058342
ragtruth_1004,1,,,,,,,,,,,,,,,,,,,,,,,,,,,,,,,,,,,,,,,,,,,,,,,,,Late (76-100%),0.055349379777908325,0.14727177222569784
ragtruth_10094,1,,,,,,,,,,,,,,,,,,,,,,,,,,,,,,,,,,,,,,,,,,,,,,,,,Early (1-25%),0.12839930256207785,0.426700908690691
ragtruth_10094,1,,,,,,,,,,,,,,,,,,,,,,,,,,,,,,,,,,,,,,,,,,,,,,,,,Mid (26-75%),0.26337333023548126,0.5440668103595575
ragtruth_10094,1,,,,,,,,,,,,,,,,,,,,,,,,,,,,,,,,,,,,,,,,,,,,,,,,,Late (76-100%),0.056684364875157676,0.24368613958358765
ragtruth_10095,1,,,,,,,,,,,,,,,,,,,,,,,,,,,,,,,,,,,,,,,,,,,,,,,,,Early (1-25%),0.12539595365524292,0.4773929566144943
ragtruth_10095,1,,,,,,,,,,,,,,,,,,,,,,,,,,,,,,,,,,,,,,,,,,,,,,,,,Mid (26-75%),0.20078778266906738,0.43739158908526105
ragtruth_10095,1,,,,,,,,,,,,,,,,,,,,,,,,,,,,,,,,,,,,,,,,,,,,,,,,,Late (76-100%),0.07419926921526591,0.1820068657398224
ragtruth_10096,1,,,,,,,,,,,,,,,,,,,,,,,,,,,,,,,,,,,,,,,,,,,,,,,,,Early (1-25%),0.4356939693291982,0.6976527671019236
ragtruth_10096,1,,,,,,,,,,,,,,,,,,,,,,,,,,,,,,,,,,,,,,,,,,,,,,,,,Mid (26-75%),0.5079920394346118,0.6895086032648882
ragtruth_10096,1,,,,,,,,,,,,,,,,,,,,,,,,,,,,,,,,,,,,,,,,,,,,,,,,,Late (76-100%),0.13095524907112122,0.33226590355237323
ragtruth_10097,1,,,,,,,,,,,,,,,,,,,,,,,,,,,,,,,,,,,,,,,,,,,,,,,,,Early (1-25%),0.11701057354609172,0.45579250653584796
ragtruth_10097,1,,,,,,,,,,,,,,,,,,,,,,,,,,,,,,,,,,,,,,,,,,,,,,,,,Mid (26-75%),0.18492688735326132,0.4139771858851115
ragtruth_10097,1,,,,,,,,,,,,,,,,,,,,,,,,,,,,,,,,,,,,,,,,,,,,,,,,,Late (76-100%),0.06287182370821635,0.1565951406955719
ragtruth_10111,1,,,,,,,,,,,,,,,,,,,,,,,,,,,,,,,,,,,,,,,,,,,,,,,,,Early (1-25%),0.41969121247529984,0.6728036950031916
ragtruth_10111,1,,,,,,,,,,,,,,,,,,,,,,,,,,,,,,,,,,,,,,,,,,,,,,,,,Mid (26-75%),0.5019258158281446,0.6769552913804849
ragtruth_10111,1,,,,,,,,,,,,,,,,,,,,,,,,,,,,,,,,,,,,,,,,,,,,,,,,,Late (76-100%),0.13176443179448447,0.33387767275174457
ragtruth_10112,1,,,,,,,,,,,,,,,,,,,,,,,,,,,,,,,,,,,,,,,,,,,,,,,,,Early (1-25%),0.160049170255661,0.5360923061768214
ragtruth_10112,1,,,,,,,,,,,,,,,,,,,,,,,,,,,,,,,,,,,,,,,,,,,,,,,,,Mid (26-75%),0.26583043734232586,0.5254528274138769
ragtruth_10112,1,,,,,,,,,,,,,,,,,,,,,,,,,,,,,,,,,,,,,,,,,,,,,,,,,Late (76-100%),0.10422306259473164,0.3110062728325526
ragtruth_10113,1,,,,,,,,,,,,,,,,,,,,,,,,,,,,,,,,,,,,,,,,,,,,,,,,,Early (1-25%),0.1819405754407247,0.5660374214251837
ragtruth_10113,1,,,,,,,,,,,,,,,,,,,,,,,,,,,,,,,,,,,,,,,,,,,,,,,,,Mid (26-75%),0.31046193093061447,0.5726825321714083
ragtruth_10113,1,,,,,,,,,,,,,,,,,,,,,,,,,,,,,,,,,,,,,,,,,,,,,,,,,Late (76-100%),0.11539737383524577,0.3394938011964162
ragtruth_10114,1,,,,,,,,,,,,,,,,,,,,,,,,,,,,,,,,,,,,,,,,,,,,,,,,,Early (1-25%),0.3417725662390391,0.6411715646584829
ragtruth_10114,1,,,,,,,,,,,,,,,,,,,,,,,,,,,,,,,,,,,,,,,,,,,,,,,,,Mid (26-75%),0.5038638928284248,0.693008533368508
ragtruth_10114,1,,,,,,,,,,,,,,,,,,,,,,,,,,,,,,,,,,,,,,,,,,,,,,,,,Late (76-100%),0.16204879681269327,0.3556864410638809
ragtruth_10130,1,,,,,,,,,,,,,,,,,,,,,,,,,,,,,,,,,,,,,,,,,,,,,,,,,Early (1-25%),0.30765482783317566,0.6367632548014323
ragtruth_10130,1,,,,,,,,,,,,,,,,,,,,,,,,,,,,,,,,,,,,,,,,,,,,,,,,,Mid (26-75%),0.4631112602849801,0.6761547339459261
ragtruth_10130,1,,,,,,,,,,,,,,,,,,,,,,,,,,,,,,,,,,,,,,,,,,,,,,,,,Late (76-100%),0.15953328212102255,0.35980365176995593
ragtruth_10131,1,,,,,,,,,,,,,,,,,,,,,,,,,,,,,,,,,,,,,,,,,,,,,,,,,Early (1-25%),0.179584801197052,0.5693669269482294
ragtruth_10131,1,,,,,,,,,,,,,,,,,,,,,,,,,,,,,,,,,,,,,,,,,,,,,,,,,Mid (26-75%),0.3083956440289815,0.5761073802908262
ragtruth_10131,1,,,,,,,,,,,,,,,,,,,,,,,,,,,,,,,,,,,,,,,,,,,,,,,,,Late (76-100%),0.1268920600414276,0.3581069161494573
ragtruth_10132,1,,,,,,,,,,,,,,,,,,,,,,,,,,,,,,,,,,,,,,,,,,,,,,,,,Early (1-25%),0.17525004347165427,0.5579237764080366
ragtruth_10132,1,,,,,,,,,,,,,,,,,,,,,,,,,,,,,,,,,,,,,,,,,,,,,,,,,Mid (26-75%),0.2965843553344409,0.5620267416040102
ragtruth_10132,1,,,,,,,,,,,,,,,,,,,,,,,,,,,,,,,,,,,,,,,,,,,,,,,,,Late (76-100%),0.12118070324261983,0.3423822621504466
ragtruth_10133,1,,,,,,,,,,,,,,,,,,,,,,,,,,,,,,,,,,,,,,,,,,,,,,,,,Early (1-25%),0.2320853372414907,0.5910744269688925
ragtruth_10133,1,,,,,,,,,,,,,,,,,,,,,,,,,,,,,,,,,,,,,,,,,,,,,,,,,Mid (26-75%),0.3833371972044309,0.6268785881499449
ragtruth_10133,1,,,,,,,,,,,,,,,,,,,,,,,,,,,,,,,,,,,,,,,,,,,,,,,,,Late (76-100%),0.12163614233334859,0.34335018197695416
ragtruth_10164,1,,,,,,,,,,,,,,,,,,,,,,,,,,,,,,,,,,,,,,,,,,,,,,,,,Early (1-25%),0.11881336569786072,0.46516233682632446
ragtruth_10164,1,,,,,,,,,,,,,,,,,,,,,,,,,,,,,,,,,,,,,,,,,,,,,,,,,Mid (26-75%),0.17523079613844553,0.4049835627277692
ragtruth_10164,1,,,,,,,,,,,,,,,,,,,,,,,,,,,,,,,,,,,,,,,,,,,,,,,,,Late (76-100%),0.0752078394095103,0.17173915108044943
ragtruth_10166,1,,,,,,,,,,,,,,,,,,,,,,,,,,,,,,,,,,,,,,,,,,,,,,,,,Early (1-25%),0.35138491292794544,0.6720991420249144
ragtruth_10166,1,,,,,,,,,,,,,,,,,,,,,,,,,,,,,,,,,,,,,,,,,,,,,,,,,Mid (26-75%),0.5205344396332899,0.7234081402420998
ragtruth_10166,1,,,,,,,,,,,,,,,,,,,,,,,,,,,,,,,,,,,,,,,,,,,,,,,,,Late (76-100%),0.1882424751917521,0.3656923870245616
ragtruth_10168,1,,,,,,,,,,,,,,,,,,,,,,,,,,,,,,,,,,,,,,,,,,,,,,,,,Early (1-25%),0.2794412871201833,0.6564521044492722
ragtruth_10168,1,,,,,,,,,,,,,,,,,,,,,,,,,,,,,,,,,,,,,,,,,,,,,,,,,Mid (26-75%),0.43361204241712886,0.6657094967861971
ragtruth_10168,1,,,,,,,,,,,,,,,,,,,,,,,,,,,,,,,,,,,,,,,,,,,,,,,,,Late (76-100%),0.1638313134511312,0.3561268150806427
ragtruth_10169,1,,,,,,,,,,,,,,,,,,,,,,,,,,,,,,,,,,,,,,,,,,,,,,,,,Early (1-25%),0.13511181871096292,0.5037907858689626
ragtruth_10169,1,,,,,,,,,,,,,,,,,,,,,,,,,,,,,,,,,,,,,,,,,,,,,,,,,Mid (26-75%),0.20853504041830698,0.4507294073700905
ragtruth_10169,1,,,,,,,,,,,,,,,,,,,,,,,,,,,,,,,,,,,,,,,,,,,,,,,,,Late (76-100%),0.10121042529741923,0.2312571903069814
ragtruth_10184,1,,,,,,,,,,,,,,,,,,,,,,,,,,,,,,,,,,,,,,,,,,,,,,,,,Early (1-25%),0.19383743405342102,0.5057094544172287
ragtruth_10184,1,,,,,,,,,,,,,,,,,,,,,,,,,,,,,,,,,,,,,,,,,,,,,,,,,Mid (26-75%),0.34507474054892856,0.5944045471648375
ragtruth_10184,1,,,,,,,,,,,,,,,,,,,,,,,,,,,,,,,,,,,,,,,,,,,,,,,,,Late (76-100%),0.09542869528134663,0.2279381056626638
ragtruth_10185,1,,,,,,,,,,,,,,,,,,,,,,,,,,,,,,,,,,,,,,,,,,,,,,,,,Early (1-25%),0.14660670359929404,0.4403042842944463
ragtruth_10185,1,,,,,,,,,,,,,,,,,,,,,,,,,,,,,,,,,,,,,,,,,,,,,,,,,Mid (26-75%),0.282553310195605,0.49420077974597615
ragtruth_10185,1,,,,,,,,,,,,,,,,,,,,,,,,,,,,,,,,,,,,,,,,,,,,,,,,,Late (76-100%),0.08884646495183308,0.20638741056124368
ragtruth_10186,1,,,,,,,,,,,,,,,,,,,,,,,,,,,,,,,,,,,,,,,,,,,,,,,,,Early (1-25%),0.1958620250225067,0.5047918309768041
ragtruth_10186,1,,,,,,,,,,,,,,,,,,,,,,,,,,,,,,,,,,,,,,,,,,,,,,,,,Mid (26-75%),0.3456565663218498,0.5966872572898865
ragtruth_10186,1,,,,,,,,,,,,,,,,,,,,,,,,,,,,,,,,,,,,,,,,,,,,,,,,,Late (76-100%),0.09246611595153809,0.22583907842636108
ragtruth_10187,1,,,,,,,,,,,,,,,,,,,,,,,,,,,,,,,,,,,,,,,,,,,,,,,,,Early (1-25%),0.13559789458910623,0.43315225342909497
ragtruth_10187,1,,,,,,,,,,,,,,,,,,,,,,,,,,,,,,,,,,,,,,,,,,,,,,,,,Mid (26-75%),0.2820638219515483,0.4866701743255059
ragtruth_10187,1,,,,,,,,,,,,,,,,,,,,,,,,,,,,,,,,,,,,,,,,,,,,,,,,,Late (76-100%),0.08930570880572002,0.21009826163450876
ragtruth_10194,1,,,,,,,,,,,,,,,,,,,,,,,,,,,,,,,,,,,,,,,,,,,,,,,,,Early (1-25%),0.18661914269129434,0.5018686950206757
ragtruth_10194,1,,,,,,,,,,,,,,,,,,,,,,,,,,,,,,,,,,,,,,,,,,,,,,,,,Mid (26-75%),0.3017355650663376,0.5489970209697882
ragtruth_10194,1,,,,,,,,,,,,,,,,,,,,,,,,,,,,,,,,,,,,,,,,,,,,,,,,,Late (76-100%),0.07513854900995891,0.22951675454775491
ragtruth_10196,1,,,,,,,,,,,,,,,,,,,,,,,,,,,,,,,,,,,,,,,,,,,,,,,,,Early (1-25%),0.20616641640663147,0.49343404670556384
ragtruth_10196,1,,,,,,,,,,,,,,,,,,,,,,,,,,,,,,,,,,,,,,,,,,,,,,,,,Mid (26-75%),0.34024130056301755,0.5448081803818544
ragtruth_10196,1,,,,,,,,,,,,,,,,,,,,,,,,,,,,,,,,,,,,,,,,,,,,,,,,,Late (76-100%),0.07441931962966919,0.23410943150520325
ragtruth_10197,1,,,,,,,,,,,,,,,,,,,,,,,,,,,,,,,,,,,,,,,,,,,,,,,,,Early (1-25%),0.1801643967628479,0.4943282554546992
ragtruth_10197,1,,,,,,,,,,,,,,,,,,,,,,,,,,,,,,,,,,,,,,,,,,,,,,,,,Mid (26-75%),0.2884907325108846,0.556975125024716
ragtruth_10197,1,,,,,,,,,,,,,,,,,,,,,,,,,,,,,,,,,,,,,,,,,,,,,,,,,Late (76-100%),0.07515119512875874,0.22531945506731668
ragtruth_10198,1,,,,,,,,,,,,,,,,,,,,,,,,,,,,,,,,,,,,,,,,,,,,,,,,,Early (1-25%),0.22856420278549194,0.5084124008814493
ragtruth_10198,1,,,,,,,,,,,,,,,,,,,,,,,,,,,,,,,,,,,,,,,,,,,,,,,,,Mid (26-75%),0.377106415728728,0.5662325527518988
ragtruth_10198,1,,,,,,,,,,,,,,,,,,,,,,,,,,,,,,,,,,,,,,,,,,,,,,,,,Late (76-100%),0.08936546246210735,0.27566444377104443
ragtruth_10199,1,,,,,,,,,,,,,,,,,,,,,,,,,,,,,,,,,,,,,,,,,,,,,,,,,Early (1-25%),0.1801643967628479,0.4943282554546992
ragtruth_10199,1,,,,,,,,,,,,,,,,,,,,,,,,,,,,,,,,,,,,,,,,,,,,,,,,,Mid (26-75%),0.2884907325108846,0.556975125024716
ragtruth_10199,1,,,,,,,,,,,,,,,,,,,,,,,,,,,,,,,,,,,,,,,,,,,,,,,,,Late (76-100%),0.07515119512875874,0.22531945506731668
ragtruth_10232,1,,,,,,,,,,,,,,,,,,,,,,,,,,,,,,,,,,,,,,,,,,,,,,,,,Early (1-25%),0.17971270283063254,0.5482748697201411
ragtruth_10232,1,,,,,,,,,,,,,,,,,,,,,,,,,,,,,,,,,,,,,,,,,,,,,,,,,Mid (26-75%),0.30449725935856503,0.5602234229445457
ragtruth_10232,1,,,,,,,,,,,,,,,,,,,,,,,,,,,,,,,,,,,,,,,,,,,,,,,,,Late (76-100%),0.08312087257703145,0.26425562302271527
ragtruth_10233,1,,,,,,,,,,,,,,,,,,,,,,,,,,,,,,,,,,,,,,,,,,,,,,,,,Early (1-25%),0.1574093500773112,0.5210793713728586
ragtruth_10233,1,,,,,,,,,,,,,,,,,,,,,,,,,,,,,,,,,,,,,,,,,,,,,,,,,Mid (26-75%),0.27093280851840973,0.5121199538310369
ragtruth_10233,1,,,,,,,,,,,,,,,,,,,,,,,,,,,,,,,,,,,,,,,,,,,,,,,,,Late (76-100%),0.08512625098228455,0.2452761431535085
ragtruth_10234,1,,,,,,,,,,,,,,,,,,,,,,,,,,,,,,,,,,,,,,,,,,,,,,,,,Early (1-25%),0.19305822253227234,0.5492004056771597
ragtruth_10234,1,,,,,,,,,,,,,,,,,,,,,,,,,,,,,,,,,,,,,,,,,,,,,,,,,Mid (26-75%),0.3317485551039378,0.569970483581225
ragtruth_10234,1,,,,,,,,,,,,,,,,,,,,,,,,,,,,,,,,,,,,,,,,,,,,,,,,,Late (76-100%),0.08515716592470805,0.2683930993080139
ragtruth_10235,1,,,,,,,,,,,,,,,,,,,,,,,,,,,,,,,,,,,,,,,,,,,,,,,,,Early (1-25%),0.12321217854817708,0.4634082665046056
ragtruth_10235,1,,,,,,,,,,,,,,,,,,,,,,,,,,,,,,,,,,,,,,,,,,,,,,,,,Mid (26-75%),0.201512411236763,0.4334752211968104
ragtruth_10235,1,,,,,,,,,,,,,,,,,,,,,,,,,,,,,,,,,,,,,,,,,,,,,,,,,Late (76-100%),0.05369992057482401,0.16112871964772543
ragtruth_10254,1,,,,,,,,,,,,,,,,,,,,,,,,,,,,,,,,,,,,,,,,,,,,,,,,,Early (1-25%),0.1630924940109253,0.5122992992401123
ragtruth_10254,1,,,,,,,,,,,,,,,,,,,,,,,,,,,,,,,,,,,,,,,,,,,,,,,,,Mid (26-75%),0.26826485991477966,0.5153063107281923
ragtruth_10254,1,,,,,,,,,,,,,,,,,,,,,,,,,,,,,,,,,,,,,,,,,,,,,,,,,Late (76-100%),0.14378472169240317,0.32970058421293896
ragtruth_10256,1,,,,,,,,,,,,,,,,,,,,,,,,,,,,,,,,,,,,,,,,,,,,,,,,,Early (1-25%),0.36837194363276166,0.6757013127207756
ragtruth_10256,1,,,,,,,,,,,,,,,,,,,,,,,,,,,,,,,,,,,,,,,,,,,,,,,,,Mid (26-75%),0.5337806219855944,0.7339350990951061
ragtruth_10256,1,,,,,,,,,,,,,,,,,,,,,,,,,,,,,,,,,,,,,,,,,,,,,,,,,Late (76-100%),0.1916582187016805,0.4141854445139567
ragtruth_10258,1,,,,,,,,,,,,,,,,,,,,,,,,,,,,,,,,,,,,,,,,,,,,,,,,,Early (1-25%),0.280882587035497,0.629410078128179
ragtruth_10258,1,,,,,,,,,,,,,,,,,,,,,,,,,,,,,,,,,,,,,,,,,,,,,,,,,Mid (26-75%),0.4342987885077794,0.6527307642002901
ragtruth_10258,1,,,,,,,,,,,,,,,,,,,,,,,,,,,,,,,,,,,,,,,,,,,,,,,,,Late (76-100%),0.1666228473186493,0.3791980842749278
ragtruth_10259,1,,,,,,,,,,,,,,,,,,,,,,,,,,,,,,,,,,,,,,,,,,,,,,,,,Early (1-25%),0.3152918616930644,0.6388995324571928
ragtruth_10259,1,,,,,,,,,,,,,,,,,,,,,,,,,,,,,,,,,,,,,,,,,,,,,,,,,Mid (26-75%),0.4774703048169613,0.6760107837617397
ragtruth_10259,1,,,,,,,,,,,,,,,,,,,,,,,,,,,,,,,,,,,,,,,,,,,,,,,,,Late (76-100%),0.17775020003318787,0.39043938865264255
ragtruth_10292,1,,,,,,,,,,,,,,,,,,,,,,,,,,,,,,,,,,,,,,,,,,,,,,,,,Early (1-25%),0.3024764160315196,0.5396278202533722
ragtruth_10292,1,,,,,,,,,,,,,,,,,,,,,,,,,,,,,,,,,,,,,,,,,,,,,,,,,Mid (26-75%),0.47437753217915696,0.648554532478253
ragtruth_10292,1,,,,,,,,,,,,,,,,,,,,,,,,,,,,,,,,,,,,,,,,,,,,,,,,,Late (76-100%),0.1469279627005259,0.359244445959727
ragtruth_10293,1,,,,,,,,,,,,,,,,,,,,,,,,,,,,,,,,,,,,,,,,,,,,,,,,,Early (1-25%),0.1820965806643168,0.44866660237312317
ragtruth_10293,1,,,,,,,,,,,,,,,,,,,,,,,,,,,,,,,,,,,,,,,,,,,,,,,,,Mid (26-75%),0.30913351972897846,0.5358686471978823
ragtruth_10293,1,,,,,,,,,,,,,,,,,,,,,,,,,,,,,,,,,,,,,,,,,,,,,,,,,Late (76-100%),0.08276805281639099,0.23076962431271872
ragtruth_10294,1,,,,,,,,,,,,,,,,,,,,,,,,,,,,,,,,,,,,,,,,,,,,,,,,,Early (1-25%),0.820117129633824,0.5863035569588343
ragtruth_10294,1,,,,,,,,,,,,,,,,,,,,,,,,,,,,,,,,,,,,,,,,,,,,,,,,,Mid (26-75%),0.9020958294471105,0.561949827397863
ragtruth_10294,1,,,,,,,,,,,,,,,,,,,,,,,,,,,,,,,,,,,,,,,,,,,,,,,,,Late (76-100%),0.42510138762493926,1.068324654052655
ragtruth_10295,1,,,,,,,,,,,,,,,,,,,,,,,,,,,,,,,,,,,,,,,,,,,,,,,,,Early (1-25%),0.18643040458361307,0.4559049258629481
ragtruth_10295,1,,,,,,,,,,,,,,,,,,,,,,,,,,,,,,,,,,,,,,,,,,,,,,,,,Mid (26-75%),0.3178615868091583,0.5444790398081144
ragtruth_10295,1,,,,,,,,,,,,,,,,,,,,,,,,,,,,,,,,,,,,,,,,,,,,,,,,,Late (76-100%),0.08929813901583354,0.24001100659370422
ragtruth_10298,1,,,,,,,,,,,,,,,,,,,,,,,,,,,,,,,,,,,,,,,,,,,,,,,,,Early (1-25%),0.12663028637568155,0.49286362032095593
ragtruth_10298,1,,,,,,,,,,,,,,,,,,,,,,,,,,,,,,,,,,,,,,,,,,,,,,,,,Mid (26-75%),0.19467970728874207,0.4179276842623949
ragtruth_10298,1,,,,,,,,,,,,,,,,,,,,,,,,,,,,,,,,,,,,,,,,,,,,,,,,,Late (76-100%),0.0849146842956543,0.2051165501276652
ragtruth_10299,1,,,,,,,,,,,,,,,,,,,,,,,,,,,,,,,,,,,,,,,,,,,,,,,,,Early (1-25%),0.3007190227508545,0.6450894226630529
ragtruth_10299,1,,,,,,,,,,,,,,,,,,,,,,,,,,,,,,,,,,,,,,,,,,,,,,,,,Mid (26-75%),0.4670199441413085,0.6794187550743421
ragtruth_10299,1,,,,,,,,,,,,,,,,,,,,,,,,,,,,,,,,,,,,,,,,,,,,,,,,,Late (76-100%),0.1751041809717814,0.36459708710511524
ragtruth_1002,0,,,,,,,,,,,,,,,,,,,,,,,,,,,,,,,,,,,,,,,,,,,,,,,,,Early (1-25%),0.16912826895713806,0.29078833262125653
ragtruth_1002,0,,,,,,,,,,,,,,,,,,,,,,,,,,,,,,,,,,,,,,,,,,,,,,,,,Mid (26-75%),0.27154896159966785,0.4229680833717187
ragtruth_1002,0,,,,,,,,,,,,,,,,,,,,,,,,,,,,,,,,,,,,,,,,,,,,,,,,,Late (76-100%),0.062232911586761475,0.15525170167287192
ragtruth_1003,0,,,,,,,,,,,,,,,,,,,,,,,,,,,,,,,,,,,,,,,,,,,,,,,,,Early (1-25%),0.16912826895713806,0.29078833262125653
ragtruth_1003,0,,,,,,,,,,,,,,,,,,,,,,,,,,,,,,,,,,,,,,,,,,,,,,,,,Mid (26-75%),0.27154896159966785,0.4229680833717187
ragtruth_1003,0,,,,,,,,,,,,,,,,,,,,,,,,,,,,,,,,,,,,,,,,,,,,,,,,,Late (76-100%),0.062232911586761475,0.15525170167287192
ragtruth_1005,0,,,,,,,,,,,,,,,,,,,,,,,,,,,,,,,,,,,,,,,,,,,,,,,,,Early (1-25%),0.16989150643348694,0.3204823558529218
ragtruth_1005,0,,,,,,,,,,,,,,,,,,,,,,,,,,,,,,,,,,,,,,,,,,,,,,,,,Mid (26-75%),0.2756119966506958,0.42320165783166885
ragtruth_1005,0,,,,,,,,,,,,,,,,,,,,,,,,,,,,,,,,,,,,,,,,,,,,,,,,,Late (76-100%),0.06930128733317058,0.16110433141390482
ragtruth_1006,0,,,,,,,,,,,,,,,,,,,,,,,,,,,,,,,,,,,,,,,,,,,,,,,,,Early (1-25%),0.1632989446322123,0.2461180438597997
ragtruth_1006,0,,,,,,,,,,,,,,,,,,,,,,,,,,,,,,,,,,,,,,,,,,,,,,,,,Mid (26-75%),0.2525937656561534,0.39217893965542316
ragtruth_1006,0,,,,,,,,,,,,,,,,,,,,,,,,,,,,,,,,,,,,,,,,,,,,,,,,,Late (76-100%),0.04981627066930135,0.1338785688082377
ragtruth_1007,0,,,,,,,,,,,,,,,,,,,,,,,,,,,,,,,,,,,,,,,,,,,,,,,,,Early (1-25%),0.16358416279157004,0.24518847465515137
ragtruth_1007,0,,,,,,,,,,,,,,,,,,,,,,,,,,,,,,,,,,,,,,,,,,,,,,,,,Mid (26-75%),0.24720450242360434,0.38265500341852504
ragtruth_1007,0,,,,,,,,,,,,,,,,,,,,,,,,,,,,,,,,,,,,,,,,,,,,,,,,,Late (76-100%),0.03630484143892924,0.10136543711026509
ragtruth_10092,0,,,,,,,,,,,,,,,,,,,,,,,,,,,,,,,,,,,,,,,,,,,,,,,,,Early (1-25%),0.13373316327730814,0.5001953939596812
ragtruth_10092,0,,,,,,,,,,,,,,,,,,,,,,,,,,,,,,,,,,,,,,,,,,,,,,,,,Mid (26-75%),0.22259631752967834,0.4651771957675616
ragtruth_10092,0,,,,,,,,,,,,,,,,,,,,,,,,,,,,,,,,,,,,,,,,,,,,,,,,,Late (76-100%),0.09054116408030193,0.21462124586105347
ragtruth_10093,0,,,,,,,,,,,,,,,,,,,,,,,,,,,,,,,,,,,,,,,,,,,,,,,,,Early (1-25%),0.4517439529299736,0.7035432818035284
ragtruth_10093,0,,,,,,,,,,,,,,,,,,,,,,,,,,,,,,,,,,,,,,,,,,,,,,,,,Mid (26-75%),0.5116168779010574,0.6735462521513303
ragtruth_10093,0,,,,,,,,,,,,,,,,,,,,,,,,,,,,,,,,,,,,,,,,,,,,,,,,,Late (76-100%),0.1293939749399821,0.3157063076893489
ragtruth_10110,0,,,,,,,,,,,,,,,,,,,,,,,,,,,,,,,,,,,,,,,,,,,,,,,,,Early (1-25%),0.19448471069335938,0.5842983101805052
ragtruth_10110,0,,,,,,,,,,,,,,,,,,,,,,,,,,,,,,,,,,,,,,,,,,,,,,,,,Mid (26-75%),0.3264637490113576,0.6007989086210728
ragtruth_10110,0,,,,,,,,,,,,,,,,,,,,,,,,,,,,,,,,,,,,,,,,,,,,,,,,,Late (76-100%),0.11260929703712463,0.3388360341389974
ragtruth_10115,0,,,,,,,,,,,,,,,,,,,,,,,,,,,,,,,,,,,,,,,,,,,,,,,,,Early (1-25%),0.20797530810038248,0.583744133512179
ragtruth_10115,0,,,,,,,,,,,,,,,,,,,,,,,,,,,,,,,,,,,,,,,,,,,,,,,,,Mid (26-75%),0.34899334361155826,0.6083275886873404
ragtruth_10115,0,,,,,,,,,,,,,,,,,,,,,,,,,,,,,,,,,,,,,,,,,,,,,,,,,Late (76-100%),0.11061111092567444,0.3269413560628891
ragtruth_10128,0,,,,,,,,,,,,,,,,,,,,,,,,,,,,,,,,,,,,,,,,,,,,,,,,,Early (1-25%),0.13921156525611877,0.5029486666123072
ragtruth_10128,0,,,,,,,,,,,,,,,,,,,,,,,,,,,,,,,,,,,,,,,,,,,,,,,,,Mid (26-75%),0.2261236608028412,0.4909648547569911
ragtruth_10128,0,,,,,,,,,,,,,,,,,,,,,,,,,,,,,,,,,,,,,,,,,,,,,,,,,Late (76-100%),0.09205304582913716,0.26152655482292175
ragtruth_10129,0,,,,,,,,,,,,,,,,,,,,,,,,,,,,,,,,,,,,,,,,,,,,,,,,,Early (1-25%),0.39627369741598767,0.6716990135610104
ragtruth_10129,0,,,,,,,,,,,,,,,,,,,,,,,,,,,,,,,,,,,,,,,,,,,,,,,,,Mid (26-75%),0.5259815050909916,0.7337126632531484
ragtruth_10129,0,,,,,,,,,,,,,,,,,,,,,,,,,,,,,,,,,,,,,,,,,,,,,,,,,Late (76-100%),0.16179008285204569,0.3783097465833028
ragtruth_10165,0,,,,,,,,,,,,,,,,,,,,,,,,,,,,,,,,,,,,,,,,,,,,,,,,,Early (1-25%),0.3831088145573934,0.6861588762452205
ragtruth_10165,0,,,,,,,,,,,,,,,,,,,,,,,,,,,,,,,,,,,,,,,,,,,,,,,,,Mid (26-75%),0.5474382061511278,0.7544533976664146
ragtruth_10165,0,,,,,,,,,,,,,,,,,,,,,,,,,,,,,,,,,,,,,,,,,,,,,,,,,Late (76-100%),0.1885422170162201,0.3809842069943746
ragtruth_10167,0,,,,,,,,,,,,,,,,,,,,,,,,,,,,,,,,,,,,,,,,,,,,,,,,,Early (1-25%),0.1461025277773539,0.5296348705887794
ragtruth_10167,0,,,,,,,,,,,,,,,,,,,,,,,,,,,,,,,,,,,,,,,,,,,,,,,,,Mid (26-75%),0.2358482927083969,0.486933605124553
ragtruth_10167,0,,,,,,,,,,,,,,,,,,,,,,,,,,,,,,,,,,,,,,,,,,,,,,,,,Late (76-100%),0.11907907327016194,0.2678905973831813
ragtruth_10182,0,,,,,,,,,,,,,,,,,,,,,,,,,,,,,,,,,,,,,,,,,,,,,,,,,Early (1-25%),0.18903632958730063,0.5081830620765686
ragtruth_10182,0,,,,,,,,,,,,,,,,,,,,,,,,,,,,,,,,,,,,,,,,,,,,,,,,,Mid (26-75%),0.3355135942498843,0.5860111266374588
ragtruth_10182,0,,,,,,,,,,,,,,,,,,,,,,,,,,,,,,,,,,,,,,,,,,,,,,,,,Late (76-100%),0.09662661949793498,0.22666750848293304
ragtruth_10183,0,,,,,,,,,,,,,,,,,,,,,,,,,,,,,,,,,,,,,,,,,,,,,,,,,Early (1-25%),0.3274429440498352,0.6061427791913351
ragtruth_10183,0,,,,,,,,,,,,,,,,,,,,,,,,,,,,,,,,,,,,,,,,,,,,,,,,,Mid (26-75%),0.5094184214249253,0.7134896119435629
ragtruth_10183,0,,,,,,,,,,,,,,,,,,,,,,,,,,,,,,,,,,,,,,,,,,,,,,,,,Late (76-100%),0.15254218379656473,0.33677201718091965
ragtruth_10195,0,,,,,,,,,,,,,,,,,,,,,,,,,,,,,,,,,,,,,,,,,,,,,,,,,Early (1-25%),0.3188969890276591,0.5660961071650187
ragtruth_10195,0,,,,,,,,,,,,,,,,,,,,,,,,,,,,,,,,,,,,,,,,,,,,,,,,,Mid (26-75%),0.4698532521724701,0.6386079601943493
ragtruth_10195,0,,,,,,,,,,,,,,,,,,,,,,,,,,,,,,,,,,,,,,,,,,,,,,,,,Late (76-100%),0.1313247283299764,0.3550282542904218
ragtruth_10230,0,,,,,,,,,,,,,,,,,,,,,,,,,,,,,,,,,,,,,,,,,,,,,,,,,Early (1-25%),0.15028842290242514,0.5049052933851877
ragtruth_10230,0,,,,,,,,,,,,,,,,,,,,,,,,,,,,,,,,,,,,,,,,,,,,,,,,,Mid (26-75%),0.2501847594976425,0.4872898794710636
ragtruth_10230,0,,,,,,,,,,,,,,,,,,,,,,,,,,,,,,,,,,,,,,,,,,,,,,,,,Late (76-100%),0.0832955539226532,0.22448161244392395
ragtruth_10231,0,,,,,,,,,,,,,,,,,,,,,,,,,,,,,,,,,,,,,,,,,,,,,,,,,Early (1-25%),0.41757582128047943,0.6615821942687035
ragtruth_10231,0,,,,,,,,,,,,,,,,,,,,,,,,,,,,,,,,,,,,,,,,,,,,,,,,,Mid (26-75%),0.5065093341593941,0.6598325731853644
ragtruth_10231,0,,,,,,,,,,,,,,,,,,,,,,,,,,,,,,,,,,,,,,,,,,,,,,,,,Late (76-100%),0.12569588422775269,0.34221868465344113
ragtruth_10255,0,,,,,,,,,,,,,,,,,,,,,,,,,,,,,,,,,,,,,,,,,,,,,,,,,Early (1-25%),0.3874008109172185,0.6782665103673935
ragtruth_10255,0,,,,,,,,,,,,,,,,,,,,,,,,,,,,,,,,,,,,,,,,,,,,,,,,,Mid (26-75%),0.5274854302406311,0.7256970852613449
ragtruth_10255,0,,,,,,,,,,,,,,,,,,,,,,,,,,,,,,,,,,,,,,,,,,,,,,,,,Late (76-100%),0.1759093850851059,0.38849392036596936
ragtruth_10257,0,,,,,,,,,,,,,,,,,,,,,,,,,,,,,,,,,,,,,,,,,,,,,,,,,Early (1-25%),0.10116113225618999,0.3927507201830546
ragtruth_10257,0,,,,,,,,,,,,,,,,,,,,,,,,,,,,,,,,,,,,,,,,,,,,,,,,,Mid (26-75%),0.15424233178297678,0.36146900430321693
ragtruth_10257,0,,,,,,,,,,,,,,,,,,,,,,,,,,,,,,,,,,,,,,,,,,,,,,,,,Late (76-100%),0.047668238480885826,0.14763752619425455
ragtruth_10290,0,,,,,,,,,,,,,,,,,,,,,,,,,,,,,,,,,,,,,,,,,,,,,,,,,Early (1-25%),0.20515978336334229,0.47211212416489917
ragtruth_10290,0,,,,,,,,,,,,,,,,,,,,,,,,,,,,,,,,,,,,,,,,,,,,,,,,,Mid (26-75%),0.3506449634830157,0.5770535270373026
ragtruth_10290,0,,,,,,,,,,,,,,,,,,,,,,,,,,,,,,,,,,,,,,,,,,,,,,,,,Late (76-100%),0.09897968173027039,0.2628551125526428
ragtruth_10291,0,,,,,,,,,,,,,,,,,,,,,,,,,,,,,,,,,,,,,,,,,,,,,,,,,Early (1-25%),0.38495831688245136,0.5924836744864782
ragtruth_10291,0,,,,,,,,,,,,,,,,,,,,,,,,,,,,,,,,,,,,,,,,,,,,,,,,,Mid (26-75%),0.5325041388471922,0.7012308882549405
ragtruth_10291,0,,,,,,,,,,,,,,,,,,,,,,,,,,,,,,,,,,,,,,,,,,,,,,,,,Late (76-100%),0.1554210384686788,0.3935113747914632
ragtruth_10296,0,,,,,,,,,,,,,,,,,,,,,,,,,,,,,,,,,,,,,,,,,,,,,,,,,Early (1-25%),0.24676724274953207,0.6243286828200022
ragtruth_10296,0,,,,,,,,,,,,,,,,,,,,,,,,,,,,,,,,,,,,,,,,,,,,,,,,,Mid (26-75%),0.4037410244345665,0.6474531268080076
ragtruth_10296,0,,,,,,,,,,,,,,,,,,,,,,,,,,,,,,,,,,,,,,,,,,,,,,,,,Late (76-100%),0.15028478701909384,0.36117758353551227
ragtruth_10297,0,,,,,,,,,,,,,,,,,,,,,,,,,,,,,,,,,,,,,,,,,,,,,,,,,Early (1-25%),0.41626130292812985,0.6811087653040886
ragtruth_10297,0,,,,,,,,,,,,,,,,,,,,,,,,,,,,,,,,,,,,,,,,,,,,,,,,,Mid (26-75%),0.5127432867884636,0.7006168502072493
ragtruth_10297,0,,,,,,,,,,,,,,,,,,,,,,,,,,,,,,,,,,,,,,,,,,,,,,,,,Late (76-100%),0.1504631737867991,0.3606582929690679
ragtruth_10301,0,,,,,,,,,,,,,,,,,,,,,,,,,,,,,,,,,,,,,,,,,,,,,,,,,Early (1-25%),0.1838014821211497,0.5841617410381635
ragtruth_10301,0,,,,,,,,,,,,,,,,,,,,,,,,,,,,,,,,,,,,,,,,,,,,,,,,,Mid (26-75%),0.3144347344835599,0.5808479227125645
ragtruth_10301,0,,,,,,,,,,,,,,,,,,,,,,,,,,,,,,,,,,,,,,,,,,,,,,,,,Late (76-100%),0.15200534462928772,0.36688854297002155
ragtruth_1032,0,,,,,,,,,,,,,,,,,,,,,,,,,,,,,,,,,,,,,,,,,,,,,,,,,Early (1-25%),0.13740625977516174,0.2638897995154063
ragtruth_1032,0,,,,,,,,,,,,,,,,,,,,,,,,,,,,,,,,,,,,,,,,,,,,,,,,,Mid (26-75%),0.2722478260596593,0.39761638393004733
ragtruth_1032,0,,,,,,,,,,,,,,,,,,,,,,,,,,,,,,,,,,,,,,,,,,,,,,,,,Late (76-100%),0.02389317750930786,0.0783107082049052
ragtruth_1033,0,,,,,,,,,,,,,,,,,,,,,,,,,,,,,,,,,,,,,,,,,,,,,,,,,Early (1-25%),0.16698718070983887,0.30733073006073636
ragtruth_1033,0,,,,,,,,,,,,,,,,,,,,,,,,,,,,,,,,,,,,,,,,,,,,,,,,,Mid (26-75%),0.30239614099264145,0.40108970801035565
ragtruth_1033,0,,,,,,,,,,,,,,,,,,,,,,,,,,,,,,,,,,,,,,,,,,,,,,,,,Late (76-100%),0.03126795093218485,0.08031076192855835
ragtruth_1034,0,,,,,,,,,,,,,,,,,,,,,,,,,,,,,,,,,,,,,,,,,,,,,,,,,Early (1-25%),0.13676289717356363,0.2596806734800339
ragtruth_1034,0,,,,,,,,,,,,,,,,,,,,,,,,,,,,,,,,,,,,,,,,,,,,,,,,,Mid (26-75%),0.2674172619978587,0.3979479596018791
ragtruth_1034,0,,,,,,,,,,,,,,,,,,,,,,,,,,,,,,,,,,,,,,,,,,,,,,,,,Late (76-100%),0.02348486582438151,0.07792030771573384
ragtruth_10356,0,,,,,,,,,,,,,,,,,,,,,,,,,,,,,,,,,,,,,,,,,,,,,,,,,Early (1-25%),0.22081053256988525,0.6040736238161722
ragtruth_10356,0,,,,,,,,,,,,,,,,,,,,,,,,,,,,,,,,,,,,,,,,,,,,,,,,,Mid (26-75%),0.37263986965020496,0.6521915607154369
ragtruth_10356,0,,,,,,,,,,,,,,,,,,,,,,,,,,,,,,,,,,,,,,,,,,,,,,,,,Late (76-100%),0.1500858465830485,0.41040192047754925
ragtruth_10357,0,,,,,,,,,,,,,,,,,,,,,,,,,,,,,,,,,,,,,,,,,,,,,,,,,Early (1-25%),0.4064430544773738,0.6818855578700701
ragtruth_10357,0,,,,,,,,,,,,,,,,,,,,,,,,,,,,,,,,,,,,,,,,,,,,,,,,,Mid (26-75%),0.518554845203956,0.7228569003442923
ragtruth_10357,0,,,,,,,,,,,,,,,,,,,,,,,,,,,,,,,,,,,,,,,,,,,,,,,,,Late (76-100%),0.16915001471837363,0.3614516456921895
ragtruth_1036,0,,,,,,,,,,,,,,,,,,,,,,,,,,,,,,,,,,,,,,,,,,,,,,,,,Early (1-25%),0.1350422501564026,0.26724494993686676
ragtruth_1036,0,,,,,,,,,,,,,,,,,,,,,,,,,,,,,,,,,,,,,,,,,,,,,,,,,Mid (26-75%),0.26609649260838825,0.3956244873503844
ragtruth_1036,0,,,,,,,,,,,,,,,,,,,,,,,,,,,,,,,,,,,,,,,,,,,,,,,,,Late (76-100%),0.023863097031911213,0.08032096425692241
ragtruth_1037,0,,,,,,,,,,,,,,,,,,,,,,,,,,,,,,,,,,,,,,,,,,,,,,,,,Early (1-25%),0.15045997500419617,0.29237498342990875
ragtruth_1037,0,,,,,,,,,,,,,,,,,,,,,,,,,,,,,,,,,,,,,,,,,,,,,,,,,Mid (26-75%),0.2870973199605942,0.3966863490641117
ragtruth_1037,0,,,,,,,,,,,,,,,,,,,,,,,,,,,,,,,,,,,,,,,,,,,,,,,,,Late (76-100%),0.028836121161778767,0.0868854025999705
ragtruth_10375,0,,,,,,,,,,,,,,,,,,,,,,,,,,,,,,,,,,,,,,,,,,,,,,,,,Early (1-25%),0.39192389448483783,0.5989722361167272
ragtruth_10375,0,,,,,,,,,,,,,,,,,,,,,,,,,,,,,,,,,,,,,,,,,,,,,,,,,Mid (26-75%),0.4812073890740673,0.6775292955959836
ragtruth_10375,0,,,,,,,,,,,,,,,,,,,,,,,,,,,,,,,,,,,,,,,,,,,,,,,,,Late (76-100%),0.12455541888872783,0.32110731800397235
ragtruth_10377,0,,,,,,,,,,,,,,,,,,,,,,,,,,,,,,,,,,,,,,,,,,,,,,,,,Early (1-25%),0.15549726287523905,0.4575033684571584
ragtruth_10377,0,,,,,,,,,,,,,,,,,,,,,,,,,,,,,,,,,,,,,,,,,,,,,,,,,Mid (26-75%),0.25472863515218097,0.49686697870492935
ragtruth_10377,0,,,,,,,,,,,,,,,,,,,,,,,,,,,,,,,,,,,,,,,,,,,,,,,,,Late (76-100%),0.05386693278948466,0.15810230374336243
ragtruth_1038,0,,,,,,,,,,,,,,,,,,,,,,,,,,,,,,,,,,,,,,,,,,,,,,,,,Early (1-25%),0.13156882921854654,0.30190199613571167
ragtruth_1038,0,,,,,,,,,,,,,,,,,,,,,,,,,,,,,,,,,,,,,,,,,,,,,,,,,Mid (26-75%),0.2280240406592687,0.4186581124862035
ragtruth_1038,0,,,,,,,,,,,,,,,,,,,,,,,,,,,,,,,,,,,,,,,,,,,,,,,,,Late (76-100%),0.02054673433303833,0.11365196108818054
ragtruth_1039,0,,,,,,,,,,,,,,,,,,,,,,,,,,,,,,,,,,,,,,,,,,,,,,,,,Early (1-25%),0.13135948777198792,0.3021920795241992
ragtruth_1039,0,,,,,,,,,,,,,,,,,,,,,,,,,,,,,,,,,,,,,,,,,,,,,,,,,Mid (26-75%),0.22738362352053323,0.4121255986392498
ragtruth_1039,0,,,,,,,,,,,,,,,,,,,,,,,,,,,,,,,,,,,,,,,,,,,,,,,,,Late (76-100%),0.020949830611546833,0.10646607478459676
ragtruth_1041,0,,,,,,,,,,,,,,,,,,,,,,,,,,,,,,,,,,,,,,,,,,,,,,,,,Early (1-25%),0.13211781779925028,0.31231726209322613
ragtruth_1041,0,,,,,,,,,,,,,,,,,,,,,,,,,,,,,,,,,,,,,,,,,,,,,,,,,Mid (26-75%),0.2301245778799057,0.4262177037696044
ragtruth_1041,0,,,,,,,,,,,,,,,,,,,,,,,,,,,,,,,,,,,,,,,,,,,,,,,,,Late (76-100%),0.019310911496480305,0.11500311891237895
ragtruth_10410,0,,,,,,,,,,,,,,,,,,,,,,,,,,,,,,,,,,,,,,,,,,,,,,,,,Early (1-25%),0.15395893653233847,0.435007577141126
ragtruth_10410,0,,,,,,,,,,,,,,,,,,,,,,,,,,,,,,,,,,,,,,,,,,,,,,,,,Mid (26-75%),0.29824116329352063,0.5111515981455644
ragtruth_10410,0,,,,,,,,,,,,,,,,,,,,,,,,,,,,,,,,,,,,,,,,,,,,,,,,,Late (76-100%),0.08530555168787639,0.20815438528855643
ragtruth_10411,0,,,,,,,,,,,,,,,,,,,,,,,,,,,,,,,,,,,,,,,,,,,,,,,,,Early (1-25%),0.30338941017786664,0.5574295918146769
ragtruth_10411,0,,,,,,,,,,,,,,,,,,,,,,,,,,,,,,,,,,,,,,,,,,,,,,,,,Mid (26-75%),0.48038068413734436,0.68695627960066
ragtruth_10411,0,,,,,,,,,,,,,,,,,,,,,,,,,,,,,,,,,,,,,,,,,,,,,,,,,Late (76-100%),0.13529096047083536,0.30411268522342044
ragtruth_10458,0,,,,,,,,,,,,,,,,,,,,,,,,,,,,,,,,,,,,,,,,,,,,,,,,,Early (1-25%),0.2003852923711141,0.5665968954563141
ragtruth_10458,0,,,,,,,,,,,,,,,,,,,,,,,,,,,,,,,,,,,,,,,,,,,,,,,,,Mid (26-75%),0.3453163281083107,0.6081929989159107
ragtruth_10458,0,,,,,,,,,,,,,,,,,,,,,,,,,,,,,,,,,,,,,,,,,,,,,,,,,Late (76-100%),0.13313708702723184,0.36764904856681824
